x,y,z,resultado
4.72304,8.56197,1.29215,14.5772
7.67968,7.8222,5.35508,20.857
6.25324,5.93554,6.15986,18.3486
3.46843,5.21043,1.14353,9.82238
8.37764,1.04343,6.53737,15.9584
4.79171,5.19211,5.38987,15.3737
4.93179,7.90765,3.15439,15.9938
2.95083,7.76635,3.26121,13.9784
4.29182,1.63549,4.34675,10.2741
8.83816,1.93762,4.5735,15.3493
0.894192,4.14411,8.06696,13.1053
9.36064,9.06217,5.90533,24.3281
2.44789,1.85156,0.798669,5.09812
4.72427,8.92331,8.57204,22.2196
7.37541,9.25535,9.13083,25.7616
6.79952,5.3798,9.4644,21.6437
8.98038,6.38844,7.50237,22.8712
5.52934,8.19575,2.39082,16.1159
0.912809,3.95154,8.23512,13.0995
2.54585,1.0538,7.434,11.0337
8.905,8.68984,3.65093,21.2458
0.0921659,8.97519,6.15741,15.2248
2.76223,4.56191,1.1127,8.43684
0.234077,7.67449,2.55837,10.4669
6.44398,3.7199,6.45741,16.6213
5.4622,9.05576,4.66933,19.1873
8.99442,6.48152,5.75426,21.2302
8.37184,7.29362,0.961028,16.6265
1.38829,2.62917,5.90259,9.92004
6.39882,5.05173,0.401013,11.8516
0.226447,8.73074,7.47642,16.4336
8.87112,5.57482,6.44826,20.8942
4.93057,9.00418,4.73922,18.674
9.11069,9.93316,4.6559,23.6998
6.92129,1.81402,4.09558,12.8309
5.2916,5.81896,2.17872,13.2893
3.40831,1.38371,9.68749,14.4795
1.42186,1.2775,6.54775,9.24711
1.1832,6.07044,9.63012,16.8838
5.47533,9.80773,1.88452,17.1676
3.39732,1.73711,4.75814,9.89258
6.54897,8.69045,4.50453,19.7439
1.00467,2.69601,9.97894,13.6796
8.26441,6.40187,7.82586,22.4921
6.5862,4.58174,2.64321,13.8112
2.67861,3.8139,9.97925,16.4718
7.88415,4.6324,9.00845,21.525
8.98679,3.82916,7.67693,20.4929
7.87744,6.43605,5.11155,19.425
5.53789,1.37974,8.05078,14.9684
3.76354,9.50346,8.48872,21.7557
3.4022,6.6036,7.5222,17.528
5.14634,0.290231,8.34193,13.7785
6.13392,4.72732,4.61409,15.4753
8.22108,1.79357,0.31312,10.3278
4.78988,3.00729,3.15317,10.9503
4.09803,4.78652,4.13953,13.0241
0.861843,4.23627,4.83352,9.93164
1.85186,6.45009,4.44258,12.7445
3.86944,4.08002,6.85598,14.8054
6.66005,2.78909,2.96762,12.4168
6.16169,2.10517,2.55654,10.8234
6.78152,1.09592,1.00711,8.88455
6.24073,0.0485244,1.87109,8.16034
6.34693,9.04263,9.73052,25.1201
4.91318,1.91717,5.37065,12.201
0.242012,9.05057,0.00824,9.30082
7.03116,5.13504,1.71972,13.8859
9.03623,1.59307,8.25007,18.8794
6.7571,6.42506,4.99313,18.1753
2.1543,0.3296,7.05466,9.53856
7.43767,6.68081,6.57918,20.6977
2.59011,6.67379,5.37248,14.6364
9.5291,1.99805,7.67998,19.2071
2.65175,2.83029,8.57051,14.0526
2.85043,9.52635,3.89569,16.2725
3.76446,1.72643,0.639058,6.12995
3.99579,3.16874,4.34187,11.5064
0.481887,0.870388,4.9147,6.26698
7.24662,1.58025,5.4268,14.2537
5.8385,6.26423,2.46162,14.5643
9.07712,5.71123,5.05509,19.8434
8.22565,3.28684,4.84756,16.3601
3.53893,1.51921,7.89209,12.9502
5.40635,5.24552,6.7394,17.3913
9.74639,1.69317,7.65221,19.0918
5.26749,8.26533,9.78271,23.3155
4.5732,4.55245,9.42747,18.5531
1.76519,4.66109,8.85525,15.2815
4.79141,4.94064,5.08683,14.8189
4.46272,7.10074,1.2598,12.8233
4.45265,7.1923,9.02799,20.6729
7.33879,4.01288,4.98703,16.3387
6.62954,0.345164,1.25065,8.22535
3.42753,4.06781,0.0824,7.57775
4.88693,6.96249,1.16581,13.0152
2.57332,5.3737,3.67504,11.6221
0.357982,5.46251,9.93835,15.7588
6.39882,4.59517,0.545976,11.54
6.24317,7.99066,2.77139,17.0052
3.74493,3.7199,3.57952,11.0443
4.2317,7.82861,6.64174,18.702
7.59789,8.92514,8.20948,24.7325
7.99524,8.41304,4.76394,21.1722
7.11264,8.21955,8.36543,23.6976
8.75271,6.4388,7.86676,23.0583
2.03406,3.44981,4.63088,10.1147
8.25373,0.532853,5.32365,14.1102
7.8576,9.16227,4.65682,21.6767
6.56301,0.822779,7.65465,15.0404
4.68825,6.91305,7.5219,19.1232
7.06503,9.67528,7.0867,23.827
7.24601,0.225227,3.99396,11.4652
0.323801,6.15772,5.99872,12.4802
4.01349,3.65886,9.74181,17.4142
3.16843,2.66335,5.45488,11.2867
6.45039,0.759301,4.73037,11.9401
0.770287,7.84936,8.84335,17.463
0.686666,1.12247,5.58336,7.3925
8.89767,1.86834,0.206,10.972
0.468459,7.7752,4.81002,13.0537
2.1308,4.02753,4.35194,10.5103
7.55669,3.7434,7.77642,19.0765
2.91208,5.75823,7.59178,16.2621
0.580157,2.33253,1.36143,4.27412
7.09677,9.3881,5.13321,21.6181
1.71453,0.494705,3.6549,5.86413
5.45213,1.8894,5.11185,12.4534
8.77346,0.00640889,8.0459,16.8258
8.52931,8.81802,1.10996,18.4573
4.63729,8.21223,3.91949,16.769
5.79638,3.27952,6.15192,15.2278
2.58095,0.125126,6.09394,8.80001
0.0936918,4.24604,2.72134,7.06107
1.33,7.90887,2.43721,11.6761
6.61824,4.09253,6.67135,17.3821
3.76843,3.46232,9.97467,17.2054
3.00638,3.15226,9.14457,15.3032
4.41267,6.27186,0.511185,11.1957
4.91989,5.58122,1.1301,11.6312
9.30265,3.07718,3.62987,16.0097
1.08158,2.17414,1.22288,4.47859
4.08429,9.51537,4.06323,17.6629
4.23994,8.21894,9.8413,22.3002
8.04498,7.98578,8.21223,24.243
1.26804,4.25001,3.78979,9.30784
9.90448,1.789,7.16269,18.8562
7.81579,0.961333,4.93515,13.7123
1.60558,4.34889,7.2631,13.2176
1.8601,2.73354,7.07175,11.6654
5.3264,5.32395,0.339671,10.99
7.38975,3.57524,7.1279,18.0929
2.79366,3.87188,0.273446,6.93899
5.5736,0.918607,1.86529,8.35749
0.925932,4.50117,7.12394,12.551
7.35038,2.96915,0.474258,10.7938
0.103153,4.09375,0.556352,4.75326
9.6701,0.412915,8.16706,18.2501
7.25547,1.03916,7.2396,15.5342
8.89035,9.46684,7.29942,25.6566
1.67272,0.263375,8.37764,10.3137
0.32197,6.79586,1.95013,9.06796
3.26518,2.47627,9.90143,15.6429
3.87219,3.95856,0.491043,8.32179
7.15323,3.48186,5.27268,15.9078
3.40312,5.9975,9.77294,19.1736
1.22898,1.14566,5.64409,8.01874
3.08939,1.87231,5.34532,10.307
0.924406,4.80178,0.500198,6.22639
8.88943,9.84191,5.90533,24.6367
4.11145,5.82446,0.124516,10.0604
8.60927,4.89334,8.14905,21.6517
5.09842,9.97406,5.55345,20.6259
1.06449,4.18348,1.6657,6.91366
6.31428,3.24503,8.33583,17.8951
4.88296,6.37867,3.68786,14.9495
5.74236,4.52284,7.6812,17.9464
1.71178,8.08191,1.648,11.4417
3.73699,1.65929,2.66427,8.06055
8.31812,1.4008,8.86929,18.5882
0.762352,3.84411,8.34895,12.9554
8.48232,7.44743,6.53462,22.4644
4.09497,3.64055,3.23893,10.9745
9.98901,7.35649,4.64339,21.9889
2.88827,8.00745,7.57714,18.4729
5.62456,1.59764,7.17521,14.3974
3.4257,0.308847,3.99731,7.73186
1.1832,6.07868,3.41594,10.6778
6.18824,5.95416,0.0982696,12.2407
9.26908,6.16199,9.62676,25.0578
9.72594,4.17432,2.91421,16.8145
6.46901,3.39213,4.13312,13.9943
9.56084,8.77865,4.26649,22.606
4.44563,0.769982,5.83514,11.0508
9.65361,2.77596,9.82727,22.2568
3.96374,7.04672,2.23212,13.2426
5.6328,6.77602,9.65911,22.0679
6.03259,4.96475,9.64904,20.6464
9.23582,0.312815,0.298166,9.8468
7.5042,8.96664,6.64327,23.1141
8.51039,9.95087,4.30525,22.7665
0.813013,0.771813,2.85409,4.43892
4.51674,9.44914,8.94772,22.9136
0.392468,2.75399,1.02603,4.17249
8.80825,6.66585,7.48589,22.96
2.83731,5.37309,0.914029,9.12442
3.08451,0.482192,0.697653,4.26435
5.41704,2.38502,1.43712,9.23917
9.40825,0.127262,9.03043,18.5659
9.27061,2.30842,3.10678,14.6858
2.41401,0.0637837,3.36345,5.84124
0.825526,3.03262,7.60643,11.4646
0.373241,7.38701,1.06143,8.82168
8.91537,4.65407,6.74062,20.3101
5.96576,6.65578,0.0305185,12.6521
6.94601,9.95758,0.0158696,16.9195
6.4629,0.550554,3.11502,10.1285
0.601825,8.6111,0.141606,9.35453
2.97372,4.91409,4.65438,12.5422
3.13852,6.40217,9.96857,19.5093
5.67858,4.88418,6.57643,17.1392
3.62529,0.939055,4.09955,8.6639
2.86325,6.18732,9.31913,18.3697
9.76745,6.4272,4.82894,21.0236
2.28736,3.49834,9.37346,15.1592
7.42088,8.67885,6.45375,22.5535
0.234993,7.31223,6.59444,14.1417
4.87747,3.62499,5.63097,14.1334
2.75399,3.30607,6.8572,12.9173
2.66701,4.59273,9.51537,16.7751
1.3538,4.90005,5.43016,11.684
0.269784,1.65136,9.2346,11.1557
8.01691,1.93335,9.81536,19.7656
1.00162,6.77084,5.00748,12.7799
8.07733,7.29972,4.01868,19.3957
6.65517,7.5103,2.22022,16.3857
0.555132,0.279244,5.54765,6.38203
5.5388,5.82934,6.21174,17.5799
0.163884,1.42064,8.07092,9.65545
2.5782,3.53008,8.71181,14.8201
9.67467,0.402234,2.95022,13.0271
9.3704,8.14844,2.01086,19.5297
1.89917,6.61,7.93939,16.4486
6.80044,8.96908,9.30845,25.078
3.45378,3.43181,7.53746,14.423
4.25031,8.58028,2.51167,15.3423
3.9729,2.76559,3.02652,9.76501
8.82565,7.1865,3.32102,19.3332
0.790429,7.18284,7.34367,15.3169
6.63625,1.06723,0.939055,8.64254
6.54958,4.87686,6.91458,18.341
7.2573,9.31883,1.49663,18.0728
1.97943,8.16614,5.64257,15.7881
3.28379,0.610675,1.48564,5.38011
4.46791,1.1771,1.65624,7.30125
0.677816,0.395825,1.41545,2.48909
1.26743,7.68242,1.41972,10.3696
3.58074,5.02029,7.80755,16.4086
0.505387,7.09769,4.66414,12.2672
0.732139,8.83816,2.7543,12.3246
9.81323,6.68264,3.53496,20.0308
0.803858,9.88891,1.85003,12.5428
7.64916,2.20954,6.63381,16.4925
2.107,5.26688,4.60067,11.9745
2.49916,9.08811,9.5175,21.1048
9.49217,5.22782,7.69524,22.4152
6.30421,2.3426,3.93841,12.5852
9.09299,1.57201,2.00201,12.667
7.0275,8.25373,4.92172,20.2029
1.1185,7.19932,0.114444,8.43226
7.38456,4.06507,3.93872,15.3883
3.41441,6.16901,3.94604,13.5295
8.73684,6.26331,4.19416,19.1943
5.25193,3.38237,2.51808,11.1524
7.21976,3.71654,6.63381,17.5701
3.01767,6.38539,9.94903,19.3521
9.58129,0.745872,8.97488,19.302
8.39167,5.01389,3.98236,17.3879
5.21348,8.17866,1.10111,14.4932
6.50349,3.91369,7.44713,17.8643
4.70656,8.89706,4.78195,18.3856
7.66991,4.63851,0.052797,12.3612
0.195624,9.56999,0.159917,9.92553
2.89193,4.26862,7.17826,14.3388
5.05997,3.39549,2.01117,10.4666
1.60131,2.60689,6.99789,11.2061
6.40278,1.05533,1.69134,9.14945
1.40477,6.18458,8.7347,16.324
9.4763,9.90234,2.19031,21.569
5.07157,0.857265,4.21064,10.1395
5.02335,5.95843,0.0592059,11.041
0.958586,1.89215,3.48369,6.33442
4.66872,0.829188,5.42253,10.9204
0.753197,7.42302,4.4435,12.6197
2.25013,7.35649,6.06403,15.6706
4.04828,4.21461,7.03635,15.2992
6.57338,5.06394,9.96246,21.5998
4.13312,0.0961333,6.55934,10.7886
9.77111,0.356456,8.87112,18.9987
4.71572,1.41118,8.45546,14.5824
1.47374,8.3401,9.85443,19.6683
4.34095,2.69387,0.491348,7.52617
8.6401,4.23322,8.34834,21.2217
5.28672,5.71917,8.38832,19.3942
0.351573,3.93811,1.57811,5.86779
7.96686,2.35328,9.09848,19.4186
2.46467,6.61611,1.25065,10.3314
1.56438,6.51967,3.31492,11.399
4.89578,8.40907,5.63555,18.9404
8.05506,1.30619,6.59963,15.9609
0.847194,6.9158,9.69207,17.4551
1.16916,4.073,8.09473,13.3369
8.60897,1.99988,4.01166,14.6205
5.45854,1.55797,8.2815,15.298
9.01761,1.17771,5.33616,15.5315
4.7084,4.7557,4.0022,13.4663
1.45054,8.47987,9.45952,19.3899
4.74715,5.91845,1.16001,11.8256
4.59304,5.54643,7.75231,17.8918
4.46577,3.74126,4.43983,12.6469
1.45238,4.04218,7.53258,13.0271
1.85217,3.8142,0.28901,5.95538
7.40867,0.532548,0.364696,8.30592
0.300912,6.0567,5.51134,11.869
1.74261,9.98169,7.31223,19.0365
5.63799,5.32731,0.398877,11.3642
3.34758,3.26731,2.43965,9.05454
7.43889,1.95898,3.64879,13.0467
6.41896,8.82382,1.76275,17.0055
0.586261,1.89123,7.55486,10.0323
8.11426,9.93316,0.542009,18.5894
5.84521,7.56279,7.47581,20.8838
3.70678,8.60256,3.65276,15.9621
2.78054,7.08609,0.523698,10.3903
1.88696,5.5562,7.90796,15.3511
5.8684,6.66066,6.0979,18.627
9.83978,4.9675,7.9809,22.7882
6.38051,5.96789,6.53493,18.8833
0.786157,3.35246,5.15702,9.29563
9.8413,4.67208,1.00528,15.5187
2.09998,5.81286,6.84286,14.7557
2.76955,6.37135,1.12186,10.2628
6.09668,0.810572,0.797449,7.7047
4.32417,0.6592,3.77667,8.76003
4.45784,8.11029,7.67693,20.2451
9.56999,0.622578,6.73544,16.928
7.18223,4.69832,4.9498,16.8303
2.6841,8.3459,6.77145,17.8014
4.24421,1.63945,0.826136,6.7098
1.70293,1.09989,9.81048,12.6133
9.02646,2.18665,4.72884,15.942
2.6899,2.0777,8.99747,13.7651
3.29722,9.2993,7.35588,19.9524
1.69286,8.07794,0.982391,10.7532
0.344554,0.270699,4.72915,5.3444
8.81497,8.66298,4.34248,21.8204
2.01849,8.68831,3.05887,13.7657
1.39286,3.29661,8.13166,12.8211
3.19498,0.682394,1.04129,4.91867
3.93658,1.02664,4.35682,9.32005
9.77752,4.64217,9.5941,24.0138
2.32612,7.69005,6.94815,16.9643
0.0323496,2.47536,2.24067,4.74837
0.11536,4.62355,2.772,7.51091
0.100101,7.41752,8.68831,16.2059
6.82669,6.71102,8.70479,22.2425
9.14457,9.476,5.78906,24.4096
3.14524,2.53548,3.94787,9.62859
4.08246,6.20472,0.342723,10.6299
7.16971,1.69317,9.92279,18.7857
4.39833,4.78317,3.28196,12.4635
0.559404,0.205084,2.43202,3.19651
0.458998,2.66213,0.983001,4.10413
4.87686,0.68453,3.62194,9.18332
0.245979,9.50926,2.98105,12.7363
7.78222,5.73107,5.81896,19.3323
5.77685,4.15876,2.4836,12.4192
7.38456,7.19108,6.83828,21.4139
7.91955,7.94183,3.07077,18.9322
2.11035,6.66738,8.10022,16.878
3.09702,1.4069,8.01355,12.5175
4.26374,0.267953,4.09833,8.63002
3.75347,6.32527,4.07331,14.152
9.21964,9.26786,5.6859,24.1734
2.67403,0.182501,5.6325,8.48903
0.177923,4.39802,1.54149,6.11744
5.57726,7.43645,3.86273,16.8764
1.86926,1.10446,3.29539,6.26911
3.0427,1.80944,5.58,10.4321
6.76565,2.58858,1.36967,10.7239
8.10816,8.15424,3.71227,19.9747
5.51134,3.0076,1.89306,10.412
5.95325,2.10669,2.19398,10.2539
0.638752,1.13285,1.31932,3.09091
3.28715,2.20038,8.81771,14.3052
0.473342,1.2534,5.86535,7.59209
3.59203,3.47392,6.39363,13.4596
9.67925,9.46715,8.8406,27.987
6.49434,5.24857,1.72582,13.4687
5.41612,5.94958,1.62328,12.989
1.52501,9.81475,9.66796,21.0077
4.82406,3.5609,4.66933,13.0543
4.57839,4.57747,2.11707,11.2729
1.74505,6.545,4.81887,13.1089
5.80065,8.97427,5.50523,20.2802
9.53032,6.28498,5.48357,21.2989
6.64296,0.469375,1.36601,8.47835
3.66955,0.408643,8.35994,12.4381
7.65099,2.38929,9.20194,19.2422
4.09528,3.1843,0.325633,7.60521
3.52214,1.5305,5.33158,10.3842
3.58989,5.41124,8.41578,17.4169
4.22742,6.62801,1.98584,12.8413
7.03635,7.10196,0.48677,14.6251
6.88681,1.12339,3.80139,11.8116
7.50908,2.44728,0.597247,10.5536
8.80947,6.51387,0.396741,15.7201
0.702536,0.0863674,7.53105,8.31996
3.9143,7.10471,0.037843,11.0569
0.145268,8.83908,3.50047,12.4848
8.92453,4.51949,6.85568,20.2997
3.31614,6.02283,9.15372,18.4927
8.46583,2.04627,8.85861,19.3707
4.44624,8.55312,1.80151,14.8009
5.81286,6.11744,2.36274,14.293
4.62355,2.42286,7.56035,14.6068
4.70199,6.13697,6.6863,17.5253
5.17838,0.174261,6.08875,11.4414
3.68084,5.77349,7.26463,16.719
7.3513,4.81429,0.0500504,12.2156
4.08002,9.9414,2.01453,16.0359
1.29093,8.5696,1.62145,11.482
2.17475,3.27555,1.02115,6.47145
1.64647,2.16376,6.49525,10.3055
1.66509,9.2172,9.71679,20.5991
6.73513,1.17832,3.20261,11.1161
0.514847,5.07859,6.92007,12.5135
4.69619,6.77358,3.40312,14.8729
2.69631,8.96359,7.64031,19.3002
4.42549,4.87533,8.35017,17.651
6.72842,0.357982,2.66213,9.74853
2.7073,7.0867,9.2465,19.0405
5.34532,8.89981,8.92727,23.1724
3.03812,4.33058,5.95843,13.3271
0.415357,6.45985,2.76986,9.64507
7.4398,6.84347,0.750145,15.0334
0.60152,7.55608,8.49055,16.6482
1.32542,7.81518,2.63497,11.7756
2.49123,3.42723,3.74676,9.66521
4.47615,9.01791,4.8265,18.3206
5.2266,7.16422,7.09098,19.4818
9.63653,1.38432,3.90027,14.9211
0.334483,2.30354,7.9284,10.5664
5.41734,7.98151,5.83667,19.2355
8.70846,6.53737,1.4478,16.6936
3.33598,7.37754,2.43904,13.1526
1.78533,6.8865,6.96341,15.6352
1.19236,8.32453,2.87576,12.3927
0.162664,4.1258,3.82275,8.11121
7.80206,8.17133,0.588092,16.5615
6.42933,3.63018,0.858791,10.9183
8.66909,3.77575,6.76443,19.2093
6.10858,8.43532,9.51415,24.058
9.6942,1.12552,9.2526,20.0723
7.60186,9.37864,3.53221,20.5127
7.75109,4.65804,1.43315,13.8423
5.06088,7.99677,5.6972,18.7548
4.1792,5.6563,0.432142,10.2676
3.55449,1.61687,0.801721,5.97308
1.15329,7.31376,9.39085,17.8579
9.87915,8.07367,0.0524918,18.0053
2.80129,8.37703,5.55254,16.7309
1.21921,0.933561,1.75909,3.91186
4.03851,3.94452,5.96088,13.9439
3.80627,6.29688,2.61452,12.7177
1.6831,7.24174,6.77999,15.7048
1.00497,0.372631,9.45525,10.8329
5.70635,6.29658,1.97638,13.9793
1.1359,4.40931,9.28098,14.8262
4.74868,0.632649,3.51512,8.89645
6.07135,1.36998,1.84118,9.28251
0.518815,1.62908,9.61791,11.7658
8.44691,8.31568,0.419019,17.1816
1.64892,2.32276,1.25034,5.22202
4.50728,0.960112,8.90316,14.3706
0.253609,4.40962,1.08402,5.74725
7.3397,3.61614,3.01126,13.9671
5.08896,8.258,4.97543,18.3224
7.86279,9.93896,6.92099,24.7227
5.06912,2.16559,4.78286,12.0176
4.61898,8.82107,9.76623,23.2063
7.22861,6.09119,4.32264,17.6424
4.4615,6.67013,5.7976,16.9292
5.27055,8.93735,8.72738,22.9353
0.84872,3.42265,3.64574,7.91711
9.86053,3.41014,2.63894,15.9096
0.937834,6.22578,0.390942,7.55455
1.0654,4.76119,5.82812,11.6547
3.22947,3.02286,1.23814,7.49046
8.0401,5.5913,7.16971,20.8011
0.434278,9.54466,1.78625,11.7652
2.49306,4.63149,0.767541,7.89209
3.72539,8.69686,3.41563,15.8379
1.86102,9.22117,2.54311,13.6253
0.896634,2.29743,9.44945,12.6435
6.71957,5.36668,3.14249,15.2287
8.38527,2.78176,6.71407,17.8811
6.06586,2.02277,4.74502,12.8336
1.90161,8.14966,0.192877,10.2441
4.88052,3.82794,6.56484,15.2733
8.79025,8.28242,3.87494,20.9476
2.17048,5.22355,7.76696,15.161
3.46232,6.10096,4.9028,14.4661
5.66454,4.91989,8.40602,18.9904
1.57079,4.07147,6.98355,12.6258
2.8016,9.29807,0.118412,12.2181
5.23881,6.60024,8.94742,20.7865
7.82311,2.81411,9.87426,20.5115
6.92557,3.08542,1.6422,11.6532
2.92459,9.03348,3.39244,15.3505
9.59929,6.11225,7.22343,22.935
8.79025,3.83648,1.11087,13.7376
2.08106,5.68896,5.61693,13.3869
7.65496,8.84396,0.0628681,16.5618
6.96463,4.83261,9.76379,21.561
1.60619,4.44624,0.994293,7.04672
0.632344,5.4091,0.393384,6.43483
1.33885,4.2787,2.71615,8.33369
6.87826,7.2335,8.85159,22.9633
7.32902,2.7546,6.33778,16.4214
3.69854,9.21567,9.08139,21.9956
7.59209,0.658284,1.88879,10.1392
3.23252,0.127567,3.5725,6.93258
5.11979,7.01559,0.168157,12.3035
3.83282,9.541,9.10367,22.4775
4.98123,4.77859,4.70992,14.4697
7.09616,7.94275,2.75124,17.7902
7.19321,9.52483,3.77758,20.4956
7.62444,0.227363,3.10709,10.9589
8.03858,0.614948,1.53111,10.1846
5.5739,9.88556,2.19855,17.658
0.818812,9.36735,2.22816,12.4143
7.92688,3.58684,6.53798,18.0517
8.29585,4.97391,2.7311,16.0009
0.140996,8.69228,7.2161,16.0494
4.55916,2.45186,8.005,15.016
1.65685,0.758385,5.30656,7.72179
5.02548,4.01685,2.88522,11.9275
2.88827,5.64684,6.29078,14.8259
0.935392,2.26569,2.49702,5.69811
4.09436,2.55959,1.99622,8.65017
0.376293,6.60634,4.48439,11.467
4.11115,1.55583,6.92068,12.5877
2.70486,9.79003,0.00183111,12.4967
5.62334,3.00851,4.03912,12.671
8.59035,5.40147,8.39259,22.3844
9.68841,8.36879,9.50285,27.56
4.93973,6.01337,3.93506,14.8881
1.85308,2.71249,2.30354,6.86911
3.9903,1.648,3.2313,8.86959
1.68004,1.12888,0.228889,3.03781
0.0943022,5.48173,9.93286,15.5089
3.05673,4.30616,3.53069,10.8936
7.42363,4.59609,0.876186,12.8959
0.588702,4.94675,8.92178,14.4572
8.24915,4.31715,5.53941,18.1057
3.8609,7.12699,5.05326,16.0411
5.8507,1.48259,0.253609,7.5869
2.71554,6.67562,2.74728,12.1384
9.71465,1.15177,1.16367,12.0301
9.1287,3.31889,5.23972,17.6873
4.76699,9.02188,6.62831,20.4172
1.05167,5.98804,1.7481,8.7878
2.19092,4.40565,1.99133,8.58791
6.97104,2.54677,8.09748,17.6153
8.14142,2.33253,8.56227,19.0362
3.14585,5.52751,7.1279,15.8013
9.66155,4.3498,5.54125,19.5526
4.82559,7.51427,5.4738,17.8137
5.56413,2.24799,9.74364,17.5558
4.37696,4.83596,8.22657,17.4395
5.21378,3.39579,4.55611,13.1657
9.53734,7.46635,5.2916,22.2953
1.2891,6.94052,7.85821,16.0878
0.0778222,7.73278,9.12595,16.9366
4.97513,3.04056,9.91119,17.9269
7.38182,1.87078,9.25871,18.5113
4.85672,8.79879,7.70745,21.363
4.9443,7.84295,0.822779,13.61
5.34623,0.911588,3.23008,9.4879
4.9678,1.46336,8.48537,14.9165
7.98761,2.49886,0.744652,11.2311
3.16324,1.95349,9.90295,15.0197
0.726035,6.34754,3.89508,10.9687
6.95669,8.83969,0.452895,16.2493
7.4337,5.20402,8.23145,20.8692
7.70592,5.89312,9.65758,23.2566
3.90973,7.94977,0.14008,11.9996
1.53142,5.78875,5.76434,13.0845
8.47102,4.82894,0.187689,13.4877
2.21534,2.61513,4.58083,9.4113
6.35182,1.54515,8.91263,16.8096
9.56572,9.55351,8.11823,27.2375
8.72951,7.30857,7.33818,23.3763
3.92956,7.17765,4.18134,15.2886
0.478835,1.99744,4.19141,6.66768
8.4109,5.19913,5.94379,19.5538
7.03696,8.81069,8.22626,24.0739
1.07791,8.30439,7.04855,16.4309
1.2418,7.30094,8.45393,16.9967
6.25965,6.28956,9.13327,21.6825
6.97378,3.82336,8.69839,19.4955
3.18888,1.21586,1.10874,5.51347
9.09268,8.39991,6.96677,24.4594
8.00714,1.04465,9.30937,18.3612
9.82055,5.06302,5.93371,20.8173
7.74163,1.41758,1.01444,10.1737
1.57445,3.1663,9.60509,14.3458
8.55495,6.18,7.06381,21.7988
6.58803,6.13239,4.21613,16.9366
1.6071,4.13099,8.59493,14.333
5.71429,7.97662,9.87335,23.5643
4.49568,5.60442,4.60952,14.7096
3.81695,2.87301,4.62905,11.319
0.709861,9.06003,7.31315,17.083
8.40144,5.3209,5.8208,19.5431
0.111698,6.17237,7.27744,13.5615
2.83486,4.34523,5.86535,13.0454
6.34907,5.17197,6.66585,18.1869
6.94357,0.889309,2.5425,10.3754
8.63002,7.67235,2.29896,18.6013
7.15629,9.37529,8.33766,24.8692
1.6184,5.19211,7.45872,14.2692
6.98538,8.5638,0.946379,16.4956
4.66536,9.241,8.31294,22.2193
7.71661,9.60448,8.7756,26.0967
6.36219,4.48683,3.89996,14.749
9.97742,6.75985,2.47871,19.216
8.79666,9.39299,4.02936,22.219
0.624714,4.98215,7.50175,13.1086
4.10077,4.0315,3.44951,11.5818
7.38456,4.55428,4.49416,16.433
0.205084,1.84729,9.49553,11.5479
7.12333,2.6368,5.56749,15.3276
9.3701,2.14759,0.355541,11.8732
3.8197,1.03458,5.95691,10.8112
8.32026,4.34767,8.39198,21.0599
0.440687,5.06333,3.94238,9.44639
8.90591,4.69771,3.82397,17.4276
6.28987,6.30726,8.1634,20.7605
9.40458,2.65175,4.80575,16.8621
9.23154,8.56258,1.93915,19.7333
5.11429,8.4228,6.7513,20.2884
1.74413,7.60582,0.169988,9.51994
9.01761,6.89108,2.91025,18.8189
2.27668,7.87591,7.069,17.2216
5.26505,7.11325,5.96362,18.3419
0.109867,8.93277,3.61675,12.6594
6.29933,2.47414,2.99539,11.7689
4.15235,7.94519,3.50261,15.6001
4.84573,5.30015,9.89624,20.0421
5.00412,7.67479,6.63076,19.3097
1.00253,2.73568,2.28156,6.01978
6.53249,8.74233,1.34129,16.6161
8.5107,9.15067,4.6498,22.3112
9.30784,6.62801,1.50212,17.438
9.22056,5.50432,3.95581,18.6807
4.83077,4.09955,3.86822,12.7985
7.06839,9.26115,4.36842,20.698
7.7926,4.87106,5.81561,18.4793
8.74111,0.789209,2.86935,12.3997
4.85916,0.482803,4.98032,10.3223
3.94024,5.03098,6.86605,15.8373
3.9848,5.92242,1.72613,11.6334
9.97009,1.76366,1.33305,13.0668
9.1934,6.6451,3.98175,19.8202
9.53001,5.30473,0.446486,15.2812
3.455,6.62069,3.06711,13.1428
3.3549,6.23951,3.44615,13.0406
7.93298,0.0930815,9.92889,17.955
6.93747,4.9733,2.8544,14.7652
0.720542,5.16617,4.97848,10.8652
9.25382,0.815455,1.39836,11.4676
3.54564,1.31108,2.71096,7.56767
7.46483,2.219,8.28822,17.972
1.94952,1.76,5.74023,9.44975
1.17801,4.8909,2.1839,8.25282
4.47768,1.67425,3.06192,9.21384
9.33622,6.0921,3.42021,18.8485
0.654317,0.275277,5.50401,6.43361
8.35902,6.7272,8.16187,23.2481
7.22343,5.99139,8.67977,21.8946
8.08618,9.10703,8.35902,25.5522
8.5577,4.40657,1.60131,14.5656
8.55983,8.75057,9.89929,27.2097
1.53905,5.61327,8.64986,15.8022
2.03925,4.54604,3.48552,10.0708
8.82443,6.72262,5.12741,20.6745
7.08548,4.2787,4.74197,16.1061
8.48842,3.04788,3.35551,14.8918
1.32847,3.15806,8.11365,12.6002
3.84442,4.07392,8.47682,16.3952
2.9194,2.86264,9.54192,15.324
6.00757,4.01196,2.06549,12.085
3.88531,8.93704,1.89489,14.7172
4.75173,7.77947,8.52657,21.0578
7.92474,6.42659,0.982086,15.3334
1.6776,7.86706,5.38408,14.9287
6.8392,8.67245,4.92477,20.4364
4.87136,2.03925,5.15061,12.0612
0.0521867,3.39763,1.93945,5.38926
7.39189,2.36671,4.7499,14.5085
6.76595,4.95651,7.46941,19.1919
4.27778,9.00815,9.75463,23.0406
6.48915,3.01248,7.31773,16.8194
5.6032,3.66314,6.17695,15.4433
7.22068,7.33421,5.26353,19.8184
7.65618,3.96191,3.51421,15.1323
7.68395,6.98477,7.78985,22.4586
1.84301,7.49931,0.418409,9.76073
6.99301,1.28666,1.31138,9.59105
2.64901,9.00571,0.0143437,11.6691
8.19208,0.72512,4.89273,13.8099
3.19803,2.53395,6.74581,12.4778
7.52312,9.7351,0.128178,17.3864
0.8829,8.74874,1.96387,11.5955
5.27329,1.29948,5.90136,12.4741
7.42729,1.73376,2.52571,11.6868
2.91513,6.74795,5.36058,15.0237
8.85342,6.39393,6.68355,21.9309
1.17832,4.31135,1.92877,7.41844
2.41676,2.76498,5.78967,10.9714
0.986053,8.14783,6.72445,15.8583
0.864589,3.67168,0.04944,4.58571
0.069277,6.90024,7.68639,14.6559
0.648823,3.33049,2.97403,6.95334
8.78689,8.69625,7.19596,24.6791
1.20609,3.06223,3.58379,7.85211
5.50249,9.03684,6.33992,20.8792
8.38282,2.3838,9.02951,19.7961
1.03214,0.549028,6.39454,7.97571
7.75384,5.73626,4.37269,17.8628
9.41588,0.311899,7.90338,17.6312
4.22529,3.16141,2.07495,9.46165
4.88266,2.6719,1.09317,8.64773
4.18622,3.6607,2.50862,10.3555
8.55953,4.39619,4.60189,17.5576
6.78762,8.96573,9.79583,25.5492
9.50652,5.89434,8.79818,24.199
3.0015,9.29777,5.73595,18.0352
9.30357,8.36543,1.64861,19.3176
6.10889,7.64245,9.76135,23.5127
3.86731,3.30027,5.32823,12.4958
6.5215,1.34129,5.99414,13.8569
6.76351,9.0759,6.86758,22.707
8.53847,5.68651,0.862453,15.0874
1.1713,0.638447,2.34016,4.14991
8.07154,9.92737,7.54051,25.5394
9.17783,3.77941,7.60002,20.5573
9.76135,7.91223,8.0459,25.7195
3.41136,6.43696,5.73077,15.5791
0.524918,9.75036,1.34342,11.6187
3.47881,7.16269,8.33583,18.9773
5.65661,3.62987,7.53563,16.8221
4.44716,6.51326,0.852992,11.8134
4.39802,4.53169,5.43413,14.3638
2.99142,1.99988,7.50572,12.497
5.67614,5.26231,4.73464,15.6731
5.05814,2.56783,5.4915,13.1175
2.68136,1.27049,5.89984,9.85168
3.19895,5.60747,6.86728,15.6737
8.42738,0.339976,1.98584,10.7532
8.40541,9.5465,6.52364,24.4755
4.59944,7.71874,8.21192,20.5301
6.51082,9.28465,1.9303,17.7258
4.15357,2.81594,8.38679,15.3563
9.34202,1.45756,1.21433,12.0139
5.48204,1.51402,3.57067,10.5667
1.97546,2.93313,6.85232,11.7609
3.7962,4.62783,8.83816,17.2622
6.0094,0.33845,9.07468,15.4225
4.93698,4.4142,9.96185,19.313
0.868557,2.03772,2.24494,5.15122
9.3234,3.45897,4.52467,17.307
7.15476,8.04834,5.22355,20.4266
0.51088,0.0628681,2.60018,3.17392
4.09955,9.19797,9.32829,22.6258
5.01938,7.62352,2.00385,14.6467
3.60881,5.58489,1.19388,10.3876
9.02707,8.73074,3.46446,21.2223
2.37037,7.3983,8.86959,18.6383
4.41694,4.01868,3.09732,11.5329
7.3629,9.60692,4.11542,21.0852
2.78207,7.46361,4.59334,14.839
5.02945,7.20511,8.3459,20.5805
2.56111,0.0827052,2.77017,5.41398
6.67959,0.849025,0.213935,7.74255
2.80129,9.08292,4.84268,16.7269
8.54854,5.07462,5.76525,19.3884
8.29341,5.69323,7.18833,21.175
0.675375,4.12397,3.56578,8.36512
6.32344,8.46675,4.78866,19.5788
0.571917,4.96414,3.58715,9.1232
6.24195,5.94256,9.13419,21.3187
1.81707,4.58663,6.04205,12.4458
0.718406,9.55596,9.45799,19.7324
0.466323,0.430006,1.17679,2.07312
3.20963,0.732444,2.9783,6.92038
9.76073,9.96338,9.38322,29.1073
1.01413,1.52074,3.58287,6.11774
2.31178,9.40214,9.23277,20.9467
8.63826,2.12226,6.38783,17.1484
4.97879,3.41838,5.33921,13.7364
3.2252,7.52281,9.05972,19.8077
1.27354,8.82015,4.62477,14.7185
3.84747,5.36668,0.956755,10.1709
5.61205,6.75863,4.81368,17.1844
0.670186,4.5143,9.30326,14.4877
9.29014,1.32359,9.07865,19.6924
9.729,4.58296,8.95688,23.2688
5.97552,8.65352,1.95013,16.5792
5.46556,7.50999,0.183111,13.1587
1.01138,1.1771,0.147099,2.33558
7.58416,8.98648,8.3813,24.9519
0.168157,7.56371,4.09619,11.8281
2.38014,6.76748,2.2309,11.3785
5.93524,1.62328,7.90307,15.4616
2.7958,0.627461,3.48369,6.90695
9.21415,4.06384,3.58409,16.8621
7.24387,1.31657,3.80047,12.3609
7.66564,0.847194,5.79241,14.3052
6.01733,9.57244,2.98868,18.5784
5.17777,2.2486,2.2663,9.69268
7.09128,7.2747,9.8764,24.2424
6.24256,8.74508,9.08475,24.0724
1.57079,7.45933,3.1663,12.1964
0.689413,4.90646,4.74227,10.3381
4.23414,4.38063,6.21448,14.8292
4.4731,1.67577,9.36064,15.5095
7.73827,5.37523,7.9577,21.0712
7.31773,2.15094,1.21189,10.6806
1.44475,9.19614,3.49925,14.1401
4.20392,7.39433,8.46919,20.0674
8.63521,6.98386,3.34056,18.9596
1.22684,8.19788,5.89953,15.3243
0.442213,8.39595,1.21097,10.0491
3.47484,7.34275,0.396741,11.2143
2.3542,2.84524,8.11762,13.3171
9.55931,5.97186,1.97699,17.5082
0.863674,0.600604,5.88549,7.34977
0.48616,8.49757,4.48531,13.469
5.06607,6.86514,8.31996,20.2512
5.9743,4.23627,8.93338,19.144
1.91626,0.178838,3.45622,5.55132
5.32243,1.94983,8.43257,15.7048
5.76373,0.810877,7.41081,13.9854
8.7875,6.92587,3.31706,19.0304
3.88684,1.45848,0.367748,5.71307
5.36332,0.415052,4.51521,10.2936
1.33854,7.83013,9.47844,18.6471
0.144047,9.37712,8.80276,18.3239
1.70721,6.78793,3.14432,11.6395
5.33067,1.85553,7.47734,14.6635
6.67837,0.910978,7.60277,15.1921
9.66582,1.13865,6.50288,17.3074
7.75506,6.88162,1.10202,15.7387
7.89392,1.4011,7.50816,16.8032
9.4702,7.22282,4.58815,21.2812
1.00589,0.0534074,1.47923,2.53853
6.08051,6.88803,1.89642,14.865
5.78448,8.76186,6.7626,21.3089
4.39711,4.27137,8.24397,16.9124
4.75478,7.29606,6.37654,18.4274
5.24796,6.61763,4.58724,16.4528
1.35075,3.31339,2.84951,7.51366
6.42109,8.80947,8.40541,23.636
6.12812,8.05322,8.12647,22.3078
1.97607,8.36909,9.90997,20.2551
4.49141,4.04859,7.73278,16.2728
7.82983,4.43709,7.87957,20.1465
0.878628,7.54143,8.65474,17.0748
2.76894,0.790735,2.4424,6.00208
4.90341,6.57643,5.47807,16.9579
8.74416,8.83328,4.50514,22.0826
7.87011,7.03818,5.52873,20.437
5.72039,2.21351,4.35499,12.2889
9.588,4.36201,7.28721,21.2372
5.76983,6.5508,6.51173,18.8324
1.74352,9.62523,3.4843,14.8531
9.68291,1.8955,5.42711,17.0055
1.54424,6.39088,7.25211,15.1872
8.47987,8.31874,8.36848,25.1671
4.12549,0.321665,2.77108,7.21824
2.98654,2.61269,9.02463,14.6239
0.59389,8.44813,7.27256,16.3146
8.41823,2.78237,9.30906,20.5097
6.80319,0.303354,5.24735,12.3539
8.8992,3.0372,8.71731,20.6537
2.27058,0.195013,4.56801,7.0336
0.307627,1.62664,1.71758,3.65184
5.31297,9.88952,4.17035,19.3728
0.00579852,3.33445,5.2327,8.57295
5.71612,5.23972,0.226142,11.182
0.156865,4.00983,1.56865,5.73534
6.37623,9.98566,8.61415,24.976
8.70998,2.42531,8.42677,19.5621
6.51387,6.37623,2.22571,15.1158
9.94354,1.25858,8.10266,19.3048
7.61925,6.67348,8.45302,22.7458
6.02771,0.340281,3.96222,10.3302
5.40452,3.19285,1.36631,9.96368
3.5725,7.74743,4.92782,16.2477
3.01523,8.63216,0.849635,12.497
5.87573,4.11481,9.382,19.3725
8.81771,4.22987,3.54808,16.5957
3.78735,8.91201,9.73663,22.436
2.49062,2.07617,4.18531,8.7521
7.03207,0.652181,9.26359,16.9478
2.15552,0.871914,6.83584,9.86328
4.72884,2.32612,4.82192,11.8769
9.12229,2.90475,0.367443,12.3945
9.96094,4.99985,4.14441,19.1052
1.77007,5.17289,6.74612,13.6891
9.82299,2.7842,5.58153,18.1887
2.37617,0.743126,1.45421,4.5735
0.688498,7.47093,2.90353,11.063
6.56819,8.78628,8.19361,23.5481
9.69146,7.32353,9.19858,26.2136
0.815455,4.56496,1.53447,6.91488
8.91873,8.05353,3.28593,20.2582
5.18204,5.20341,7.53685,17.9223
9.76592,1.12735,0.685141,11.5784
2.7192,4.58693,9.79583,17.102
2.56966,1.54057,0.26307,4.3733
9.64721,2.47475,3.15683,15.2788
2.29988,0.242927,8.47713,11.0199
8.04895,0.119327,5.72558,13.8939
5.93005,1.82196,6.90939,14.6614
1.51616,8.6111,8.01111,18.1384
2.46101,2.05359,6.76656,11.2812
0.199591,8.06024,2.37465,10.6345
3.60973,8.77041,7.4865,19.8666
1.35838,6.84378,2.59407,10.7962
3.19285,9.44395,6.75985,19.3966
0.976287,1.72216,8.62819,11.3266
7.48589,6.16688,7.42393,21.0767
7.56859,2.93954,1.74963,12.2578
8.53359,9.58983,4.05072,22.1741
7.22587,4.67971,6.41499,18.3206
8.8168,4.0965,9.87915,22.7924
5.43474,1.75146,3.76568,10.9519
0.0796533,3.32041,4.29212,7.69219
2.57118,9.32157,3.79772,15.6905
2.72591,4.2552,3.56853,10.5496
2.39601,5.19608,5.19181,12.7839
6.28315,5.9801,4.35713,16.6204
2.67739,4.79873,9.87915,17.3553
7.23258,1.60314,1.55583,10.3916
0.42848,8.84457,9.81811,19.0912
9.26511,5.7326,1.17527,16.173
7.49229,4.05683,2.46132,14.0104
4.02295,0.804468,5.68438,10.5118
1.49815,9.31333,5.2504,16.0619
8.83755,0.244148,5.43352,14.5152
8.89676,4.6321,4.39772,17.9266
3.14524,0.888699,6.34083,10.3748
7.01773,9.64415,5.52324,22.1851
8.42158,7.68487,2.32551,18.432
7.20176,2.91025,9.57335,19.6854
8.81985,6.57308,2.23945,17.6324
7.24509,4.85946,3.18155,15.2861
2.54585,2.97952,6.54225,12.0676
4.9321,6.5276,4.4496,15.9093
8.54885,9.68169,9.91394,28.1445
1.5598,4.88144,9.27488,15.7161
0.614338,5.2559,3.68542,9.55565
1.33122,4.6028,6.11866,12.0527
2.71432,9.10184,7.60125,19.4174
5.55803,7.00003,4.69985,17.2579
6.63198,7.4163,5.2971,19.3454
6.02863,0.490738,2.79061,9.30998
6.85385,2.70943,3.21055,12.7738
5.89801,5.08316,1.32603,12.3072
9.57427,3.7788,9.68627,23.0393
5.30076,6.74306,7.6693,19.7131
3.7962,9.70855,1.0596,14.5643
8.83969,7.70837,6.34663,22.8947
4.08887,6.72231,5.74786,16.559
9.37193,6.95914,2.13446,18.4655
7.85058,6.81478,7.06961,21.735
3.41319,2.40944,8.28547,14.1081
6.21876,8.27082,1.95593,16.4455
4.18409,4.2262,9.1879,17.5982
8.23267,6.72811,7.10196,22.0627
5.15213,8.22626,8.10663,21.485
3.82885,7.55882,7.71813,19.1058
6.07868,0.823084,3.08145,9.98322
3.91705,2.32307,8.13166,14.3718
1.33152,3.7376,3.85601,8.92514
6.42964,0.111698,9.28373,15.8251
2.82662,8.88302,6.08264,17.7923
7.10349,5.00534,6.93503,19.0439
3.64818,2.77535,2.27546,8.699
4.08246,9.88311,7.38884,21.3544
9.4406,6.70156,8.29859,24.4407
7.48192,0.65981,5.98834,14.1301
9.27793,4.99832,5.82995,20.1062
0.0732444,9.9762,8.82809,18.8775
2.2129,0.375988,1.51158,4.10047
4.48836,1.63823,1.25889,7.38548
6.2505,3.51848,8.57753,18.3465
7.04581,3.00424,9.13694,19.187
9.41435,5.46464,2.94931,17.8283
9.73479,8.21741,1.57964,19.5318
4.07941,6.76382,9.32951,20.1727
1.27567,7.0098,8.57875,16.8642
2.08441,8.35108,9.93866,20.3742
6.80227,7.96808,4.29151,19.0619
5.58061,6.76931,5.53026,17.8802
4.78011,7.88934,8.61843,21.2879
3.36589,2.00659,1.37272,6.7452
0.586871,6.47206,6.84378,13.9027
0.822169,1.08005,6.29902,8.20124
9.94476,4.26191,1.06845,15.2751
9.80438,5.8327,6.93594,22.573
3.38084,7.82311,9.03989,20.2438
9.13968,0.454726,8.06604,17.6605
6.35884,5.7149,7.10654,19.1803
3.06192,4.27107,0.0143437,7.34733
9.88281,8.3517,5.61327,23.8478
0.154729,9.55718,1.2479,10.9598
4.54421,0.364086,8.33308,13.2414
5.47746,3.87463,5.24125,14.5933
8.31751,2.00995,3.82488,14.1523
9.73754,2.82479,1.3947,13.957
6.26698,2.67373,7.07724,16.0179
7.91192,3.52153,6.60482,18.0383
9.86053,0.852992,5.76586,16.4794
1.84362,2.70058,3.2432,7.78741
6.11774,7.45994,8.12159,21.6993
3.31614,7.45842,7.06076,17.8353
3.54778,9.05728,0.0552385,12.6603
2.17261,2.41371,1.124,5.71032
4.0495,1.02969,9.04416,14.1234
4.45967,5.86749,5.58916,15.9163
8.86288,3.90881,2.62123,15.3929
4.57656,0.501114,4.1496,9.22727
3.5612,5.38377,1.35868,10.3037
9.25718,2.63894,2.62429,14.5204
3.18674,2.20527,1.24973,6.64174
6.16138,9.25199,9.62554,25.0389
5.21012,6.42201,9.64568,21.2778
2.12714,5.03678,9.80804,16.972
6.29841,5.50371,3.59142,15.3935
2.01819,4.26832,3.12357,9.41008
0.147099,2.09235,0.855129,3.09458
4.82925,4.94736,4.99039,14.767
9.11435,2.65145,3.31187,15.0777
5.51866,7.32505,8.65139,21.4951
3.35826,1.41881,0.979339,5.7564
5.20524,6.39912,8.42647,20.0308
8.8525,3.04361,4.07636,15.9725
5.11582,9.7177,7.35557,22.1891
1.29765,0.343333,1.26865,2.90963
7.27134,9.03592,1.09989,17.4071
7.81121,9.03897,6.05152,22.9017
3.58623,8.287,8.20216,20.0754
3.60881,5.32395,1.19053,10.1233
1.09592,2.23853,1.11332,4.44777
7.94763,0.971404,4.6147,13.5337
0.651265,1.30558,9.06125,11.0181
3.6079,0.624104,0.314341,4.54634
5.8977,9.57701,9.08231,24.557
8.44478,3.20139,5.95996,17.6061
4.91379,6.41865,1.64403,12.9765
7.23075,0.23011,6.30573,13.7666
4.80575,8.27967,8.47163,21.5571
8.45485,4.63454,9.2819,22.3713
6.04877,7.81671,8.72402,22.5895
5.11948,0.333872,1.22654,6.67989
4.71694,3.4135,1.80883,9.93927
2.20496,2.15461,0.233161,4.59273
3.18735,4.84115,7.07663,15.1051
7.54448,3.32377,3.31919,14.1874
9.68719,1.45695,8.71731,19.8614
8.65505,0.401929,5.33708,14.3941
0.426954,9.19828,4.58693,14.2122
6.84378,9.2111,6.46931,22.5242
1.29765,2.95511,6.6982,10.951
2.89102,6.33808,2.04474,11.2738
5.41002,2.97525,4.94797,13.3332
7.07114,5.44023,4.52956,17.0409
4.42976,8.94314,0.610065,13.983
1.44871,2.03192,4.12397,7.6046
1.90527,4.64644,8.39686,14.9486
5.53606,1.01352,2.69692,9.2465
1.88726,0.827967,1.77099,4.48622
8.7463,4.10749,7.06931,19.9231
2.331,5.25254,1.92389,9.50743
5.93005,5.86871,3.1254,14.9242
6.30482,8.41731,2.63253,17.3547
6.81875,3.28837,3.21665,13.3238
1.15757,1.94403,7.3928,10.4944
7.71813,1.44963,6.96616,16.1339
2.77779,5.77288,7.95434,16.505
5.54399,2.47719,1.25553,9.27671
5.12589,1.07669,1.00436,7.20695
1.489,3.40556,0.0207526,4.91531
0.654927,9.59258,8.42006,18.6676
5.53941,6.80898,9.82055,22.169
1.2186,8.04376,2.55165,11.814
4.95193,2.35603,4.19538,11.5033
7.92444,9.79278,7.63573,25.3529
0.925016,4.11206,9.85229,14.8894
8.32576,6.03442,7.89148,22.2517
9.26145,3.66039,1.94189,14.8637
6.63839,6.98782,8.43959,22.0658
4.138,9.22117,5.41856,18.7777
3.53587,0.905484,3.07932,7.52068
0.363781,2.12867,5.87725,8.3697
2.81014,6.55263,9.46959,18.8324
9.9823,0.569781,7.67754,18.2296
8.99686,4.3556,3.60393,16.9564
5.05326,2.61055,0.762352,8.42616
9.21964,3.95123,7.92047,21.0913
1.1066,2.51106,1.6715,5.28916
0.276498,2.58309,7.15201,10.0116
6.41652,2.40181,0.037843,8.85617
4.56679,1.02695,9.43022,15.024
2.09632,1.79327,0.645161,4.53475
2.17048,2.62581,3.3488,8.14509
8.36512,6.40461,4.09009,18.8598
7.41264,7.93329,1.03336,16.3793
4.36232,1.63884,7.56523,13.5664
2.88186,3.55846,8.90927,15.3496
3.93353,0.978118,2.44972,7.36137
8.33918,0.398877,8.11762,16.8557
9.0231,1.85247,8.53816,19.4137
2.52327,4.74532,1.63396,8.90255
7.03757,7.41905,7.10105,21.5577
8.77224,7.01132,1.32115,17.1047
9.95788,8.40724,7.80908,26.1742
6.87063,8.3285,1.6953,16.8944
2.37281,1.00772,9.09116,12.4717
9.90234,6.20808,4.31135,20.4218
4.22712,0.936308,9.03043,14.1939
2.30628,8.14173,3.63903,14.087
3.15073,6.56056,5.62853,15.3398
0.137028,7.66198,8.37703,16.176
2.0423,1.5775,2.48543,6.10523
2.89529,2.24067,7.55333,12.6893
1.34922,6.41926,9.85778,17.6263
4.53078,7.74865,4.77584,17.0553
3.47118,3.5963,2.96121,10.0287
5.52416,1.22959,2.82998,9.58373
0.173345,1.82348,0.495926,2.49275
4.62111,3.7846,0.77456,9.18027
4.07392,3.23832,7.94733,15.2596
4.04584,9.58037,2.96487,16.5911
3.40922,3.59752,3.52275,10.5295
2.11432,6.71957,0.314646,9.14853
6.64876,3.23679,0.859096,10.7447
8.36573,2.12287,4.82772,15.3163
1.3599,3.09183,3.10495,7.55669
4.85672,6.97623,5.24857,17.0815
1.27903,1.42094,8.96634,11.6663
9.40519,2.90445,0.844142,13.1538
8.05292,9.31486,3.95001,21.3178
8.52565,3.12052,8.07581,19.722
0.870998,2.85806,0.714438,4.4435
5.88305,8.59401,7.52495,22.002
9.40031,3.19559,2.27027,14.8662
2.48512,8.05292,2.12348,12.6615
4.36354,8.96847,2.13172,15.4637
3.85174,3.62896,8.77926,16.26
7.00827,4.91043,7.55181,19.4705
3.23618,2.40272,0.104984,5.74389
4.80422,2.04932,7.00308,13.8566
4.92203,9.28617,7.45262,21.6608
7.3162,5.21531,2.30567,14.8372
3.90118,9.82421,6.99393,20.7193
4.47462,8.65078,0.500198,13.6256
4.11817,3.86456,3.52367,11.5064
0.754723,6.71896,2.00201,9.47569
3.18522,3.86547,8.15241,15.2031
4.25397,0.229499,0.960112,5.44359
3.30058,6.17328,2.39875,11.8726
0.612812,6.03565,2.3603,9.00876
2.24311,1.11637,8.65291,12.0124
9.41038,4.53352,9.49156,23.4355
1.09134,9.50255,1.74108,12.335
6.29719,2.75246,6.19678,15.2464
2.89682,0.305795,4.72549,7.9281
9.00204,6.14032,2.10303,17.2454
5.24033,8.27296,0.274361,13.7877
0.674764,6.15223,7.00461,13.8316
5.63646,2.04718,3.27372,10.9574
1.08188,9.59532,4.03851,14.7157
8.37123,4.5497,6.99454,19.9155
6.18671,5.62731,1.46428,13.2783
